{
    "vertices": [-9.53387,19.3354,8.6451,-6.38485,21.2276,8.1381,-10.0409,19.1955,4.97399,-6.89185,21.0877,4.46698],
    "faces": [33,0,1,3,2,0,0,0,0],
    "metadata": {
        "vertices": 4,
        "faces": 1,
        "uvs": 0,
        "version": 3,
        "normals": 1,
        "type": "Geometry",
        "generator": "io_three"
    },
    "normals": [-0.510208,0.859218,0.037721],
    "name": "Plane.001Geometry",
    "uvs": []
}