{
    "normals": [-0.898495,-0.294137,-0.325816,0.301737,-0.907224,-0.293039,0.587542,-0.580187,-0.564013,-0.56679,-0.57448,-0.590472,0.005707,0.999969,9.2e-05,0.717856,0.696158,-0.002136,0.575152,0.577013,-0.579852,0.018006,0.707083,-0.70687,-0.903348,-0.296304,0.310038,-0.999969,0.005707,0.002258,-0.711417,0.00412,-0.702719,-0.288522,-0.313608,-0.90463,0.702109,-0.003906,-0.712027,0.909818,-0.308847,-0.277078,0.710837,0.703055,0.019532,0.566607,0.57445,0.590686,0.690146,-0.003998,0.723624,-0.009949,0.707083,0.707022,-0.321543,-0.301767,0.897488,-0.312357,-0.896969,0.312754,-0.585955,-0.571184,-0.574755,-0.574084,-0.576769,0.581133,0.710837,0.703055,0.019562,0.704276,0.709891,-0.001587,0.717704,0.69631,-0.001617,0.317362,0.286569,-0.903958,0.314066,-0.289956,-0.904019,-0.723624,0.004028,0.690146,0.281289,-0.301218,0.9111,0.284707,0.297769,0.911161,0.290292,-0.911771,0.290414,-0.301004,-0.901791,-0.310068,0.905759,-0.307108,0.29194,-0.999603,0.005707,-0.027558,-0.587756,0.580218,0.563768,-0.70278,0.711112,-0.01941,-0.594348,-0.573626,0.563646,0.559984,-0.581011,0.590564,-0.594317,-0.573626,0.563646,0.560015,-0.581011,0.590564,0.566576,0.57445,0.590716,0.568529,-0.583392,-0.579974,0.580584,-0.578173,0.573229,-0.574541,-0.576678,0.580767,-0.585498,-0.571245,-0.575152,0.568987,-0.583331,-0.579608,0.580126,-0.578234,0.573595,-0.56682,-0.57448,-0.590442,0.587542,-0.580187,-0.564043,-0.696158,0.717856,0.001679,0.57561,0.576922,-0.579485,-0.578936,0.578021,-0.57503],
    "name": "ShapeIndexedFaceSet.003Geometry.1",
    "faces": [33,29,27,46,48,0,1,2,3,33,24,20,7,16,4,5,6,7,33,17,19,6,2,8,9,10,10,33,14,16,7,3,11,7,6,12,33,25,26,8,4,13,14,15,16,33,15,13,4,8,17,18,16,15,33,23,14,40,44,19,11,20,21,33,31,22,54,56,22,23,24,22,33,2,6,12,10,10,10,25,26,33,5,1,9,11,27,27,28,29,33,21,10,14,23,30,26,11,19,33,22,24,16,12,23,4,7,25,33,10,12,16,14,26,25,7,11,33,11,9,13,15,29,28,18,17,33,28,23,18,25,31,19,32,13,33,32,26,20,24,4,14,5,4,33,29,30,19,17,0,33,9,8,33,3,7,20,18,12,6,5,32,33,29,17,21,27,0,8,30,1,33,30,5,49,55,33,27,34,35,33,27,21,23,28,1,30,19,31,33,31,32,24,22,22,4,4,23,33,18,20,26,25,32,5,14,13,33,9,1,33,37,28,27,36,37,33,15,8,26,32,17,15,14,4,33,1,5,30,29,27,27,33,0,33,4,13,39,36,16,18,38,39,33,11,31,56,51,29,22,22,40,33,9,27,28,13,28,1,31,18,33,11,15,32,31,29,17,4,22,33,44,40,35,42,21,20,41,42,33,41,34,38,43,43,44,45,46,33,39,47,45,36,38,47,48,39,33,33,48,46,37,36,3,2,37,33,10,21,43,38,26,30,46,45,33,1,29,48,33,27,0,3,36,33,2,10,38,34,10,26,45,44,33,13,28,47,39,18,31,47,38,33,17,2,34,41,8,10,44,43,33,28,25,45,47,31,13,48,47,33,3,18,42,35,12,32,42,41,33,21,17,41,43,30,8,43,46,33,25,4,36,45,13,16,39,48,33,27,9,37,46,1,28,37,2,33,14,3,35,40,11,12,41,20,33,18,23,44,42,32,19,21,42,33,53,54,52,50,49,24,50,51,33,55,56,54,53,35,22,24,49,33,49,51,56,55,34,40,22,35,33,19,30,55,53,9,33,35,49,33,22,12,52,54,23,25,50,24,33,12,6,50,52,25,10,51,50,33,5,11,51,49,27,29,40,34,33,6,19,53,50,10,9,49,51],
    "vertices": [-7.59733,3.05282,-0.526782,-9.75941,2.89354,1.55043,-9.67551,2.89356,-2.68794,-5.4372,2.86937,-2.60404,-5.52111,2.86934,1.63434,-9.75746,3.23628,1.55047,-9.67355,3.2363,-2.6879,-5.43525,3.2121,-2.60399,-5.51915,3.21208,1.63438,-9.1378,2.88999,1.56274,-9.05389,2.89002,-2.67564,-9.13584,3.23273,1.56278,-9.05193,3.23275,-2.67559,-6.05796,2.87241,1.62371,-5.97405,2.87243,-2.61466,-6.056,3.21515,1.62375,-5.9721,3.21517,-2.61462,-9.65775,2.8934,-2.13557,-5.41913,2.8692,-2.06976,-9.65579,3.23613,-2.13553,-5.41717,3.21194,-2.06971,-9.03608,2.88985,-2.12591,-9.03413,3.23259,-2.12587,-5.95602,2.87226,-2.07809,-5.95406,3.215,-2.07805,-5.50257,2.86931,0.961019,-5.50062,3.21205,0.96106,-9.11931,2.88997,0.892228,-6.03943,2.87238,0.950809,-9.74093,2.89351,0.880403,-9.73898,3.23625,0.880444,-9.11735,3.2327,0.892267,-6.03747,3.21512,0.95085,-9.77606,-0.023974,1.55008,-9.69216,-0.02395,-2.68829,-5.45385,-0.048149,-2.60438,-5.53776,-0.048173,1.63399,-9.15445,-0.027523,1.56239,-9.07054,-0.027499,-2.67598,-6.07461,-0.045108,1.62336,-5.99071,-0.045084,-2.61501,-9.6744,-0.024117,-2.13591,-5.43577,-0.048315,-2.0701,-9.05273,-0.027666,-2.12626,-5.97267,-0.04525,-2.07844,-5.51922,-0.048199,0.960673,-9.13596,-0.027549,0.891882,-6.05608,-0.045134,0.950463,-9.75759,-0.024,0.880057,-9.73301,7.52066,1.55098,-9.6491,7.52068,-2.68739,-9.11139,7.51711,1.56329,-9.02748,7.51713,-2.67509,-9.63134,7.52052,-2.13502,-9.00967,7.51697,-2.12536,-9.71453,7.52063,0.880952,-9.0929,7.51708,0.892775],
    "metadata": {
        "version": 3,
        "normals": 52,
        "generator": "io_three",
        "faces": 54,
        "vertices": 57,
        "type": "Geometry",
        "uvs": 0
    },
    "uvs": []
}