{
    "vertices": [-22.7675,-0.114373,22.4444,22.6517,-0.114373,22.4444,-22.7675,-0.114375,-22.9748,22.6517,-0.114375,-22.9748],
    "faces": [33,0,1,3,2,0,0,0,0],
    "metadata": {
        "vertices": 4,
        "faces": 1,
        "uvs": 0,
        "version": 3,
        "normals": 1,
        "type": "Geometry",
        "generator": "io_three"
    },
    "normals": [0,1,0],
    "name": "PlaneGeometry",
    "uvs": []
}